id,name,description,host_id,host_name,host_since,latitude,longitude,property_type,room_type,accommodates,bathrooms,bedrooms,beds,price,minimum_nights,maximum_nights,availability_30,availability_60,availability_90,availability_365,number_of_reviews,first_review,last_review,review_scores_rating,calculated_host_listings_count
25339003,"An Amazing 4Bedroom Home, Central London, Sleeps12","This four bedroom Victorian house sleeps up to 14 guests. There are 2 bathrooms. We are situated in Westminster, zone 2, Central London.The property has four bedrooms with comfy king size, double & single beds. There’s a large living room with 2 single sofa beds, and a double sofa bed. The kitchen seats 12-14. There are lots of restaurants nearby. Perfect for large groups of families and friends. Please ask for any special requirements. We are 3 stops by direct line from Westfield and Paddington<br /><br /><b>The space</b><br />Amenities: <br />- 24/7 guest support<br />- Professionally cleaned<br />- Hotel-quality bed linen and towels<br />- 24/7 check-in as there is a lockbox with the keys<br />- Please enquire if you need to accommodate more than 12 guests as we are able to accommodate up to 14 guests by agreement. Thanks <br /><br />Kitchen:<br />- Fully equipped with:<br />Tea, coffee, oil, herbs, vinegar, salt, pepper ( any request requested) <br />- Oven<br />- Stove<br />- Refr",191329110,Emily,2018-05-24,51.52865,-0.19998,Entire house,Entire home/apt,12,,4.0,9.0,$226.00,2,1125,0,0,23,23,64,2018-06-17,2020-03-01,93.0,1
40259218,Large Double Room - Maida Vale,"I am proud to offer a recently redecorated double bedroom in an amazing flat in the heart of Maida Vale. The room is within a 5 minute walk away from Maida Vale Tube station. There is also Little Venice Canal nearby as well as Regents Park and Paddington Basin. The room is professionally cleaned after each guest and we use high quality beds with good linen and towels.<br /><br /><b>The space</b><br />A well thought out double room. The space is clean and well lit with large windows allowing the light in.<br /><br />The kitchen is well equipped with a hob, oven, microwave, fridge and dishwasher.<br /><br />The shared bathroom is fully equipped with toiletries for your use and the pressure of the shower is very good.<br /><br /><b>Other things to note</b><br />PLEASE NOTE, THAT ALL CHECK-INS AFTER 11PM CHARGES EXTRA 15£",302720259,Mantas,2019-10-16,51.525940000000006,-0.18909,Private room in apartment,Private room,2,,1.0,1.0,$41.00,1,24,30,60,90,365,4,2019-12-16,2020-02-08,80.0,5
20097666,Zone 1 : Spacious single bedroom in Bayswater,"My place is a very spacious room with a single bed in bayswater. It's surrounded by 3 underground stations - Royal Oak (2 minutes walking), Bayswater (5 minutes walking), and Queensway ( 7 minutes walking). Plus, 24 hours buses can take you everywhere in London. Also, it's approximately 15 minutes walking to Notting hills, and Hyde park is just 5 minutes away. It's a lovely area surrounded by nice restaurants and cafes. Opposite to Waitrose and very closed to 3 other supermarket.<br /><br /><b>The space</b><br />You can use bathroom and kitchen in our flat<br /><br /><b>Guest access</b><br />Kitchen and bathroom<br /><br /><b>Other things to note</b><br />I share my apartment with my friend - Luisa. She’s doing her master degree in history of design at RCA. I need to rent out my place for 2 weeks because I need to do my research on the final project in Barcelona. So, I’d prefer a girl in my room. So, it’s easier to share with my flatmate.",39710946,Thanyawan,2015-07-27,51.51743,-0.18702,Private room in apartment,Private room,1,,1.0,1.0,$35.00,4,1125,0,0,0,0,0,,,,1
40868766,Large Smart Room 20 minutes walk to Big Ben,"Dear Guest, <br />One of the major bonuses is  the fact that the flat is located just within 3 minutes walk to the Thames Embankment just opposite the Westminster Palace.<br />The other great thing is that it is newly refurbished and is clean and warm.<br />It has a small fire place. Far from the main road and it's quiet .<br />The kitchen is modern and has a dishwasher and a washing machine.<br />Good pressure shower! There is an extra utility room (third bedroom in fact)  to iron, dry towels, and store your luggage.<br /><br /><b>The space</b><br />The place you are going to stay is in an older building but this building is very characteristic for London. <br />Around the corner you will find: MI5 building, Albert Embankment, London Eye. <br />Tate Britain, Westminster Abbey, Palace of Westminster with the Houses of Parliament and Big Ben are across the bridge. From there it’s an easy walk towards the Trafalgar Square, National Gallery, Soho and Covent Garden",300905210,Nadia,2019-10-08,51.489509999999996,-0.11812,Private room in apartment,Private room,2,,1.0,2.0,$55.00,2,1125,21,51,81,230,4,2019-12-31,2020-03-23,100.0,3
29649371,Large Notting Hill 2BR near Portobello Rd,"Large two bedroom flat in the heart of Notting Hill - spacious bedrooms and bathroom with shower, bathtub and washer dryer. <br /><br />New carpet in both bedrooms, hardwood floors in living and hallway and room controlled heating throughout. <br /><br />Kitchen is fully equipped with fridge, freezer, microwave, toaster, Nespresso machine, Nutribullet blender, cocktail kit and the usual bits and bobs you’d expect. <br /><br />We have a 40” TV with Google Chromecast. WiFi provided however doesn’t reach master bedroom.<br /><br /><b>The space</b><br />Our flat is perfect for exploring London! Westbourne Park tube station is a four minute walk, Ladbrooke Grove nine minute (both Circle and Hammersmith & City lines) or a fifteen minute walk to Notting Hill Gate (Centre, Hammersmith & City, Circle & District lines). It takes about 20 minutes to get to Oxford Circus and 30 minutes to Shoreditch - really well connected to get most places in London. <br /><br />Portobello Rd is one block over f",2165973,Emily & Kirsty,2012-04-18,51.520070000000004,-0.20328,Entire apartment,Entire home/apt,4,,2.0,2.0,$100.00,3,1125,0,0,0,0,15,2018-12-24,2020-01-08,97.0,1
6650370,Quiet flat with private garden in Barons Court,Bright flat in Hammersmith.  1 bedroom with a double bed.  Lovely living and dining room with cozy sofa in front of the fireplace.  Large kitchen and a nice garden if you like to eat in.  Quiet road centrally located.  Great access to the Picadilly and Central/District lines.  Free street parking weekends.<br /><br /><b>The space</b><br />Garden with table and chairs for enjoying summer days.<br /><br /><b>Guest access</b><br />You will get the whole apartment.,3440336,Emily,2012-09-01,51.48863,-0.21495,Entire apartment,Entire home/apt,2,,1.0,1.0,$68.00,2,30,0,0,0,0,45,2015-06-29,2018-11-28,93.0,1
42405264,Superhost's Lux 3B Luxury Flat- 397 5-Star Reviews,Three bedroom flat by an amazing park in London.,28381203,Emrah,2015-02-26,51.56214,-0.23681,Entire apartment,Entire home/apt,8,,3.0,6.0,$150.00,2,1125,30,60,90,365,0,,,,27
13501585,Lovely and bright garden flat,"This beautiful garden flat is 1 minute walk from the Picadilly Line and 10 minutes to Victoria Line. It sits between two amazing trendy areas Stoke Newington and Angel. Between Highbury Barn, Upper Street and Stoke Newington the choices of restaurants are infinite. You’ll love my place because of  the location, the cosiness, the kitchen. My place is good for couples, business travellers, and families (with kids). Two amazing parks are within 10 minutes walk, Highbury fields and Clissold Park.",42097052,Tommaso,2015-08-21,51.556459999999994,-0.10387,Entire apartment,Entire home/apt,6,,3.0,3.0,$110.00,14,1125,0,0,0,0,0,,,,1
36162322,Covent Garden Private Room with Shared Living Room,"Clean and simple private room in centrally located apartment. <br /><br />Shared access to spacious lounge, kitchen and bathroom. Amazing area to stay for the theatre, restaurants and bars, in the heart of the West End!<br /><br />Tips from a local if required.",8033408,Che,2013-08-08,51.51228,-0.12788,Room in serviced apartment,Hotel room,2,,1.0,1.0,$130.00,2,1125,0,0,0,0,1,2019-07-07,2019-07-07,100.0,1
20631005,Double Room with private bathroom,We can host in our large Victorian house a couple with their friends or family as we have 3 double rooms and a single room. <br />You will share your private bathroom and living-room with your friends or family or enjoy on your own!<br /><br /><b>The space</b><br />Our house has been entirely refurbished two years ago and we are located on a quiet street.<br /><br /><b>Guest access</b><br />There are a couple of steps to access the house.,42411592,Pascale,2015-08-24,51.47273,-0.04183,Private room in house,Private room,2,,1.0,1.0,$45.00,2,1125,5,35,65,340,2,2017-11-12,2018-04-07,100.0,2
32175015,Warm 1BR garden flat in leafy Hampstead (Veeve),"This one bedroom basement flat has access to a large garden and is perfectly located just minutes away from Finchley Road station providing great access to London’s best attractions.<br /><br /><b>The space</b><br />HOME HIGHLIGHTS<br />•Access to a large garden<br />•Minutes away from Finchley Road tube station<br />•Double bedroom with fitted wardrobe<br /><br />LOUNGE AND DINING AREA<br />Overlooking the green and spacious garden, this property has a combined lounge and dining area with two sofas and a television. One of the sofas can be easily made up into a double sofa bed allowing space for two extra guests. <br /><br />KITCHEN <br />This kitchen features a dishwasher, washing machine, gas hob, electric oven and a large fridge and freezer. <br /><br />MASTER BEDROOM<br />The master bedroom has a double bed and large fitted wardrobes. There is a cot at the end of the bed, perfect for babies and young toddlers. <br /><br />BATHROOM<br />The bathroom has modern fittings and a cubicl",137094377,Veeve,2017-06-26,51.547,-0.17704,Entire apartment,Entire home/apt,4,,1.0,1.0,$166.00,4,1125,29,59,89,246,0,,,,267
38406649,Single  in NW2,,192355301,Nilgun,2018-05-29,51.56214,-0.22505,Private room in house,Private room,1,,1.0,1.0,$29.00,3,1125,28,58,88,363,1,2019-09-29,2019-09-29,100.0,3
21315952,single bedroom near heathrow london free parking,my home is on the edge of a small estate its on first floor which is the highest inside is clean and tidy and very peacefull shops and station are 10 - 15 minute walk heathrow airport about 15 minute drive<br /><br /><b>Other things to note</b><br />Checking time no later than 10 :30 pm .,154284698,Mark,2017-10-12,51.43955,-0.40618000000000004,Private room,Private room,1,,1.0,1.0,$20.00,3,7,29,59,89,89,69,2017-10-29,2020-08-06,93.0,1
16361918,Luxury New Apartment with Spa and Pool,"My place is close to The Gate Islington. My place is good for couples, business travellers, and families (with kids).",4221972,Emile,2012-11-23,51.53099,-0.09709,Entire apartment,Entire home/apt,4,,2.0,2.0,$150.00,50,1125,3,3,3,3,2,2017-06-21,2017-07-21,100.0,4
39556787,Stylish Family Maisonette in Vibrant South London,"Newly-renovated 2 bedroom family home located on quiet residential road in Tooting, not far from the bustle of the main high street and with great public transport links. This property is perfectly suited to families with a baby or young child, as there is a highchair, cot and milk warmer at your disposal. The en-suite master bedroom is a bright and airy converted loft with large roof windows. There is also a small outdoor area with garden furniture and a BBQ.<br /><br /><b>The space</b><br />- 24/7 guest support<br />- Professionally cleaned<br />- Hotel-quality bed linen and towels<br />- 24/7 check-in as there is a lockbox with the keys<br /><br />This is a house set over two floors. You enter the property via a private front door and climb a flight of stairs to the first floor. <br /><br />Living room:<br />-Comfy sofa which converts to sofa bed<br />-TV<br />-Coffee table<br /><br />Desk area<br />-Lamp<br />-Chair<br /><br />Bathroom (first floor)<br />-Bath and overhead shower<b",39738485,Holly,2015-07-27,51.42263,-0.16713,Entire apartment,Entire home/apt,4,,2.0,3.0,$102.00,2,365,0,0,0,0,1,2019-12-08,2019-12-08,100.0,1
26542484,Single/double room facing garden,This is a beautiful and practical single bedroom with a trundle bed ( Pull out bed underneath). If 2 guests would like to sleep in this room it is possible although will make the room quite small. You will be able to use the living room and kitchen to relax.<br /><br /><b>The space</b><br />This is a very nice apartment with lots of natural light and high ceilings. It reflects my love for African art and there are interesting African objects which I have collected during my several trips to African countries.,5160322,Dan,2013-02-20,51.46852,-0.09454,Private room in apartment,Private room,2,,1.0,1.0,$29.00,3,30,30,60,90,365,9,2018-07-16,2019-08-15,98.0,1
21744434,Spaceous 2 bed house in Battersea / Clapham,"A beautiful and comfortable two bedroom house in Battersea. Two double bedrooms, open plan living area, large kitchen and garden. Great transport links – 7 min walk to Clapham Junction station, walking distance to Clapham Common station, excellent bus transport links and a 3 min walk to two Boris bike ranks. Can get to and from Victoria or Waterloo within 15 minutes. Battersea Park and Clapham Common less than a 10 min walk away. Local amenities, restaurants and pubs within walking distance.<br /><br /><b>The space</b><br />The house is on two levels and has been done up to a high spec and would comfortably accommodate up to 4 people.<br /> <br />There is a very large master sized bedroom that is light and airy with a do double-sized bed and large built-in wardrobe with plenty of storage space.<br /> <br />The second bedroom is not that much smaller than the master bedroom, has plenty of light and also has a very comfy double-sized bed, with fitted wardrobe.<br /><br />The sitting room",121905649,James,2017-03-21,51.46597,-0.16261,Entire house,Entire home/apt,4,,2.0,2.0,$300.00,1,1125,30,60,90,180,3,2017-11-13,2018-02-14,40.0,1
4059945,"Fitzrovia, Oxford circus, Soho","Very central location!<br />Located in the fashionable artistic yet peaceful neighbourhood of Fitzovia close to many restaurants bars shops and cafés. Covent garden, Leicester square, soho and many of the central sights are within a short walk<br /><br /><b>The space</b><br />Very central location!<br />The accomodation is located in the fashionable artistic peaceful neighbourhood of Fitzovia with many restaurants bars shops and cafés.  Covent garden Leicester square soho and many of the central sights are within approximately 5-10 minutes walking distance you are also less than a minute away from Oxford Street.<br /><br />Tube/underground/train stations:<br />Oxford circus<br />Tottenham Court Road<br />Great Portland street<br />Goodge Street <br />Several other stations<br /><br />The apartment<br /><br />- ground and lower ground floor maisonette/duplex apartment<br />- living room on ground floor with high ceilings and large windows<br />- ground floor WC<br />- 1 modern bathroom ",21057314,Vilma,2014-09-07,51.51528,-0.14195,Entire apartment,Entire home/apt,4,,2.0,2.0,$203.00,5,60,28,58,88,88,33,2014-10-14,2020-03-14,87.0,1
5345295,Balham - Beautiful Room,"This delightful room is in a beautiful 6 bedroom Victorian house in a quiet residential street 6 minutes walk from the lively bars and restaurants of Balham.  <br />Guests provided with a well-designed double bedroom with a private bathroom right next-door. Towels provided for all guests and access to tea and coffee within the room. <br />Only 5 minutes walk from underground and mainline stations.<br /><br /><b>The space</b><br />Quiet room in family home close to the best Balham has to offer.<br /><br /><b>Guest access</b><br />Free WiFi access; TV; Own Bath/Shower room<br /><br /><b>Other things to note</b><br />There are 2 family dogs living in the house, although both are kept away from guests on the ground floor",27697836,Georgie,2015-02-13,51.43855,-0.14878,Private room in house,Private room,2,,1.0,1.0,$56.00,1,1125,30,60,90,365,16,2019-09-14,2020-01-26,99.0,1
44257873,"133R6 Ensuite modern, quiet room, 20min to center","Ensuite - your own bathroom. Excellent location. 5 min to East Acton station. Modern quiet house. 7 bedrooms shared between young professionals and students. Additional communal bathroom. Close to Westfield and Hammersmith Hospital. 20min to Central London. Cleaner services, 24h Emergency maintenance cover. Washing machine & Dryer. Fast WiFi. Massive fully fitted kitchen, microwave, pots, pans, cutlery for shared use. wardrobe, chest, desk. Outside Living room/House",190233321,Santa,2018-05-18,51.5166,-0.25064000000000003,Private room in house,Private room,1,,1.0,0.0,$30.00,12,99,16,34,64,64,0,,,,10
15768207,Large double bedroom PLUS full use of lovely house,"Large double bedroom with king size bed and small balcony in smartly furnished, Victorian house in quiet street.  5 minutes walk to station and 25 minutes to Central London.  Use of lounge, dining room, kitchen, garden room with Virgin Media television, WiFi throughout and small garden with patio, table and chairs.  Upstairs bathroom with bath, shower and WC, downstairs WC.  A cot, high chair, second bedroom with bunk beds and a sofa bed in the lounge are all available at extra charge.<br /><br /><b>The space</b><br />The house has two main seating areas, a front lounge with sofa and armchairs, CD player and digital radio and a rear garden room with large corner sofa and Virgin Media television.  Perfect if one of you wants to watch television and the other doesn't.  The kitchen has a table which seats 4 and the dining room has a table which seats 8.  So you could, if you wanted, also eat alone (not recommended).<br /><br /><b>Guest access</b><br />You will have full run of the house e",26527466,Michael,2015-01-22,51.439170000000004,0.06681000000000001,Private room in house,Private room,2,,1.0,1.0,$50.00,2,21,27,57,87,87,10,2017-02-12,2018-09-09,100.0,2
1683278,Chelsea - Luxury flat with terrace,"<b>The space</b><br />Central, spacious and secluded, Luxury House for guests who simultaneously want to be around the buzz of the city and the calm of their own privacy. Located in heart of Cadogan prestigious area between Sloane Square and Knightsbridge, this secure building betrays no secrets of the luxury and comfort that lie within. Beautifully presented with immaculate white walls, elegant grey blinds and original wood flooring, and complete with appliances and modern conveniences that might make it hard to leave as a smart samsung TV, lan connected.<br /><br />Cozy and fully furnished living room, with a comfortable sofa and prestigious art pieces of furniture.<br />Separated kitchen fully equipped with all new appliances.<br />Going through the stairs you will arrive at the spacious double bedroom with a large wardrobe and bathroom.<br />To complete this amazing luxury house would not missing the terrace with table and chairs for a romantic or funny dinner at nightfall.<br /><b",2036946,Francesco,2012-03-30,51.491929999999996,-0.16441,Entire apartment,Entire home/apt,2,,1.0,1.0,$230.00,4,1125,0,0,0,0,3,2015-07-15,2018-07-03,87.0,15
24386203,London room with good links into town,"Private Double room in Enfield Lock. Females only.  Use of the Kitchen/Living Room spaces. If you want to do laundry that is also not a problem. Linen and Towels provided. <br /><br />Located around the corner from the station with direct trains to London Liverpool Street and Stratford. However getting off at Tottenham Hale and picking up the Victoria Line gets you to the centre of town in about 20 mins. Ideal base for people going into town, but we are also very close to historic Waltham Abbey.<br /><br />Em",184057890,Emma,2018-04-13,51.66791,-0.0271,Private room in house,Private room,1,,1.0,1.0,$23.00,1,7,23,53,83,83,0,,,,1
39349912,"Fun, Stylish 5-Bed Family House in Kensal Green","This is a stunning 5 bed house, exquisitely decorated and filled with character and style. Spacious and comfortable, there is plenty of space for everyone to relax after a day out exploring - you can have the kids in the kitchen seating area, and the adults in the smarter sitting room! <br /><br />Located just 10 minutes from Kensal Green tube station, you can be on Oxford Street in 30 minutes, making it easy to be in the heart of the action.<br /><br /><b>The space</b><br />This stylish home is well loved and full of character. Perfect for families, with lots of fun touches for the younger guests, and also the older relatives, with sophisticated furnishings and bedrooms for the adults. <br /><br />Featuring a fantastic open plan living space, the whole ground floor flows - the sitting room at the front of the house is divided into two areas, with the formal front half and the more relaxed back half, ideal for movie nights. The space then flows into the kitchen, which is wonderfully br",27572615,Emily,2015-02-11,51.53391,-0.23131999999999997,Entire house,Entire home/apt,9,,5.0,4.0,$413.00,3,1125,0,0,0,0,0,,,,169
29726372,"Lovely 2 BEDROOM flat, heart of Fulham(sleeps 4-5)","A beautiful 2 bedroom flat in the heart of West London, just 3-4 minutes walking from Fulham Broadway underground (district line). This is a perfect pied-e-terre for business or leisure. You'll have quick and easy access to Hammersmith, Fulham Broadway, Putney, Wimbledon and Chelsea. <br />Close proximity supermarkets (Sainsburys, Marks and Spencer, Wholefoods), high street shops, as well as many restaurants and pubs. The area is quiet but close to everything. Including the Chelsea Football Stadium!<br /><br /><b>The space</b><br />Our flat is very well positioned in London. The property has wooden floors throughout and a homely relaxed feeling. The house has a spacious kitchen, including dishwasher and oven, bathroom with large shower, two good sized bedrooms and a private entrance. Paid street parking is available outside the flat. The living area is light and bright and can accommodate the sofa bed (fold out foam single bed), large plasma screen TV, WiFi throughout.<br /><br />(Bedr",26816558,Gemma,2015-01-27,51.47765,-0.1942,Entire apartment,Entire home/apt,5,,2.0,5.0,$149.00,1,1125,0,0,0,52,26,2018-11-04,2020-01-24,93.0,2
34713135,DBL ROOM NEAR WHITECHAPEL ( E3 5DF),"My place is close to Genesis Cinema, Ariana, and Spitalfields City Farm. You’ll love my place because of the neighbourhood, the light, the kitchen, and the comfy bed. Its good for couple use. The room will be cleaned and set up for new guest.",45985758,Md,2015-10-07,51.52908,-0.03751,Private room in house,Private room,1,,1.0,1.0,$32.00,15,1125,30,60,90,365,0,,,,1
424511,House to rent in Olimpics,"<b>The space</b><br />House to rent in Olympics - Well the house is very well located as it is extremely close to all amenities you would need. <br /> <br />The house is also only 5 minutes from closest Tube station as well as only 15 minutes from Olympic house.  The house comes equipped with speedy Internet, a large flat screen tv as well as a  cleaner . The house is only available during the Olympic time. <br /> <br />There is also a Free parking area as well. . <br /> <br />A little bit about the local area: <br /> <br />The London Borough of Newham i/ˈnjuːəm/ is a London borough formed from the towns of West Ham and East Ham, within East London. <br />It is situated 5 miles (8 km) east of the City of London, and is north of the River Thames. Newham is one of the six host boroughs for the 2012 Summer Olympics and contains most of the Olympic Park including the Olympic Stadium",2110389,Giray,2012-04-10,51.51367,0.046560000000000004,Entire house,Entire home/apt,4,,2.0,1.0,$181.00,7,1125,0,0,0,0,0,,,,1
2465026,"Luxury 2-Bed Flat with Balcony, 15min to West End","Brand-new, very spacious 2-bedroom / 2-bathroom duplex apartment with private balcony, located in a luxury development in the heart of London, 7-minute walk from 2 tube stations (Oval and Stockwell), and only 10-minute tube ride from the West End!<br /><br /><b>The space</b><br />Brand-new, very spacious 2-bedroom / 2-bathroom duplex apartment with private balcony, located in a luxury development in the heart of London, 7-minute walk from 2 tube stations (Oval and Stockwell), and only 10-minute tube ride from the West End!<br /><br />This brand-new property is very spacious (over 80 sq m / 860 sq ft – see floor plan for details) and in pristine conditions. It is decorated tastefully with contemporary art and designer furniture.<br /><br />It comprises:<br />-   2 luxury bathrooms, 1 with bathtub and shower, 1 with shower <br />-  A very spacious and airy open-plan reception/dining room<br />-  A fitted kitchen, fully equipped with kitchenware, toaster, sandwich maker, large fridge/free",5404325,Gabriele,2013-03-10,51.476040000000005,-0.11684000000000001,Entire apartment,Entire home/apt,5,,2.0,3.0,$199.00,4,1125,0,0,0,0,26,2014-06-23,2017-07-02,98.0,2
4743124,"Spacious, sunny room in Dalston home","A large sunny private room in a flatshare right in the center between trendy Dalston and Stoke Newington. 30mins to Central London and around the corner from bus stops and convenience stores.<br /><br />See more 5* reviews from my housemate's listing when I helped host his guests --> https://www.airbnb.co.uk/rooms/11569637?s=LIeRsW89<br /><br /><b>The space</b><br />A large room for two people, equipped with a wardrobe, super comfy double bed and a thick duvet, a desk, and lots of cookbooks if you like to browse :)<br /><br /><b>Guest access</b><br />Feel free to use the open kitchen and living room space. If you'd like to cook, there's also every condiment/ spice you could imagine as I work as a food writer and housemates are all massively into food!",12747127,Shu Han,2014-03-03,51.55571,-0.07282999999999999,Private room in house,Private room,2,,1.0,1.0,$26.00,1,1125,0,0,0,0,1,2016-06-06,2016-06-06,100.0,1
25134847,New Modern Family Home In Uxbridge .,"This new modern home in Uxbridge is spacious, modern and classy place to stay in. <br />It offers a large kitchen with dining table, a living room,4 bedrooms,2 bathroom,clock room.<br />Conveniently London Heathrow Airport is less than 10mins away<br />It is also nearby many places to go and visit like the tourist attraction Uxbridge Rock only 8 mins away and the main shopping centre just 7 minutes away.<br />Also there is supermarkets nearby and lovely restaurants nearby and convenient fast food places",189965061,Amrik,2018-05-16,51.51895,-0.47723999999999994,Entire house,Entire home/apt,8,,4.0,4.0,$150.00,3,365,0,0,0,0,7,2018-07-09,2020-02-03,100.0,1
39437321,Bed in 8-Bed Mixed Dorm with Ensuite Bathroom,"Safestay Elephant & Castle's shared dormitories are ideal for those traveling individually, or happy to meet new wonderful travelers.  The hostel is also great those who need a bigger group space for an event such as stag & hen parties or school trips. <br /><br />Our shared dorms include personal reading lights on each bunk, bunk privacy curtains, personal storage and bed linen is provided.<br /><br /><b>The space</b><br />We want to make sure you have everything you need when staying with us here at Safestay Elephant & Castle and so we have a variety of amenities available in our selection of private and shared dorm rooms, including continental breakfast, free wifi, a licensed bar,  laundry service, secure keycard access and bed linens provided. <br /><br />Our staff are on hand to help with anything extra you might need throughout your stay with us so don’t be afraid to ask!<br /><br />We have a selection of rooms available, from shared bathrooms and those with en-suites. We also ha",302707533,Safestay,2019-10-16,51.49142,-0.09879,Shared room in hostel,Shared room,8,,1.0,8.0,$15.00,1,365,30,60,90,237,0,,,,9
35825237,Piccadilly Line-Turnpike Lane Station,"Our place is 5 min walk from Turnpike Lane Station, it’s cosy, located on a quiet residential area. Across the road there is a park perfect for a walk, picnic or some exercise! There are currently three females and one male living in the house. This room is good for solo adventures and business travellers. <br /><br />We have good transport links to centre, by bus or tube in 20 min - with the nearest tube & bus station just 6 minutes walking distance. The local high street is also very close.<br /><br /><b>The space</b><br />The house is an old-style Victorian house, arranged in two floors. You will have access to a bathroom and toilet, a fully equipped kitchen, fridge, blender, washing machine, iron and oven.<br /><br /><b>Guest access</b><br />When here, you’ll only have access to the room, kitchen, toilet and bathroom.<br /><br /><b>Other things to note</b><br />Feel free to ask anything you want to know.",29918926,Jack,2015-03-24,51.59264,-0.09536,Private room in house,Private room,1,,1.0,1.0,$25.00,2,45,22,52,82,357,13,2019-08-11,2020-02-23,94.0,1
1474317,Shoreditch Luxury Room + en-suite,"Luxury room with private en-suite within a 2 bedroom luxury duplex apartment in the heart of Shoreditch! Excellent location to explore this awesome neighbourhood or base for business or leisure trip.<br /><br /><b>The space</b><br />Luxury room with en-suite within a clean, open, bright 2 bedrooms, 2 bathroom apartment with open plan living/kitchen area. <br /><br />There is a king size bed in the bedroom and also a sofa bed that can sleep one further guest.  Fresh bed linen and towels are provided. The apartment is on the 3rd and 4th floor, serviced by a lift.<br /><br />The apartment itself provides a large sofa area, dining room table with four chairs, a desk in the bedroom, use of free wifi, cable TV with Samsung 46"" 3D Smart TV and a Blue-ray DVD player. Well equipped kitchen including gas hob, electric oven, dishwasher, washing machine and fridge/freezer. <br /><br />Towels, bedding, hairdryer, iron and ironing board, shower gel, shampoo are all provided. I am also happy for you ",8896463,Rich,2013-09-17,51.5251,-0.08163,Private room in apartment,Private room,3,,1.0,1.0,$89.00,1,365,0,0,0,0,25,2013-08-09,2015-05-12,98.0,1
28652501,Sweet Home,"It could be a private room. It is a friendly house with young students, happy to host and meet new people.  I have a big living room with access to Netflix.<br /><br /><b>The space</b><br />My flat is very clean and tidy  everyone likes it.<br /><br /><b>Guest access</b><br />All guests will be available to use the living room and kitchen anytime they want.<br /><br /><b>Other things to note</b><br />I wiil do my best to keep guest happy and comfortable.",216190599,Nick,2018-09-19,51.437129999999996,-0.12679,Private room in apartment,Private room,3,,1.0,2.0,$30.00,1,1125,30,60,90,90,32,2018-10-13,2019-10-05,86.0,1
6868537,Designer flat in Primrose Hill,"Completely newly renovated, stylish and comfortable. A unique design experience. Right on the Park in one of the most prestigious roads in Primrose Hill and 5min walk from the charming village.<br /><br />An amazing spacious 2 bedrooms, 2 bathrooms top floor flat with mezzanine. Very bright and quite, with top modern features and Italian designer furniture.<br /><br /><b>The space</b><br />The flat is 90 sqm / 970 sq ft, composed of:<br /><br />- a kitchen and dining room<br />- a separate living room in the mezzanine<br />- one main bedroom with a double king size bed<br />- a second bedroom with 2 or 3 single beds. The third single bed is optional and can be pulled out from below the second bed (all beds and mattress are very high quality, FLOU brand)<br /><br />Special features:<br /><br />- 2 smart TV Samsung 55' with Netflix and Amazon Instant video accounts<br />- Floor heating system, controlled by a WIFI Nest thermostat <br />- Fully equipped bespoke new kitchen with brand Neff",338851,Giorgia,2011-01-07,51.541920000000005,-0.16419,Entire apartment,Entire home/apt,5,,2.0,4.0,$260.00,5,1125,0,24,54,329,11,2016-08-11,2017-06-20,98.0,2
726669,Brand new studio in Victoria 11A,"Modern studio in the heart of London. Save money and time walking to the Buckingham Palace, Big Ben, London Eye, Saatchi Gallery, etc. Clean and bright, the studio is recently renovated as you can see in the photos. The Victoria coach, train and underground stations are less than 10 minutes walking distance. <br /><br />You will find nine different nationalities of food in less the 300 m walking distance from the door.<br /><br /><b>Guest access</b><br />Private areas:<br />Studio<br />Kitchen (well equipped with anything you might need: fridge, hob, electric oven, microwave, toaster and kettle, kitchenware)<br />Dining area<br /><br />Shared areas:<br />Bathroom (shared with the studio next door - cleaned on a daily basis)<br />Corridor",580475,Alessandro,2011-05-11,51.49142,-0.13955,Entire apartment,Entire home/apt,2,,1.0,1.0,$76.00,1,1125,0,0,0,0,330,2012-10-13,2020-03-12,94.0,41
20821143,Spacious 1 bed apartment near Tower Bridge,"A light, spacious well equipped park-side apartment with stunning views across the city. Exclusive use with a double bedroom and balconies.<br />Only a short walk to trendy Bermondsey St, Tower & London Bridges and a 15 minute walk to Bermondsey tube. 25 minutes bus to the West End.<br /><br /><b>The space</b><br />In this spacious modern apartment, you’ll have a large double bedroom furnished in a modern style and including a balcony facing the City of London, The Shard and Tower Bridge. <br /><br />The room has a double bed, is carpeted and has plenty of wardrobe space. It comes with exclusive use of the rest of the flat which has a boutique-hotel style bathroom with waterfall and rain showers. <br /><br />The rest of the apartment has wooden floors throughout and a large open-plan lounge with two sofas, armchairs, dining table and a connected kitchen space, which is well equipped. <br /><br />You’ll really enjoy the view of London from the apartment - you look out over the London sk",148641390,Andrew,2017-09-01,51.49344,-0.07324,Entire apartment,Entire home/apt,2,,1.0,1.0,$96.00,3,1125,8,11,11,11,76,2017-10-08,2020-03-15,98.0,1
10408740,Trendy 2 bedroom flat in Shoreditch,"A new, modern and spacious 2 bedroom/2 bathroom apartment situated in the heart of East London - 5 minutes from Shoreditch, 5 minutes from Dalston, 10 minutes from Islington and 15 minutes from Oxford Circus.<br /><br />There is a gym and sauna too!<br /><br /><b>The space</b><br />The space is a converted Victorian school and is recently refurbished. There are very high ceilings, floor-to-ceiling windows, modern bathrooms and an open kitchen with all new appliances. <br /><br />There are two large bedrooms, two bathrooms, a large living room with sofa, full kitchen, washer/dryer, 50"" TV with satellitte channels, a gym with sauna, car park and garden.<br /><br />It is also very near to all public transport.<br /><br /><b>Guest access</b><br />You will be able to access all of the property including the gym and car park.<br /><br /><b>Other things to note</b><br />You are right in the heart of East London with great restaurants, bars and clubs nearby.",7807701,Joseph,2013-07-29,51.54198,-0.07958,Entire apartment,Entire home/apt,4,,2.0,2.0,$148.00,2,1125,0,0,0,0,6,2016-01-21,2016-12-12,97.0,1
14309812,Eye of London by Merino,"This superb two-bed/two-bath apartment boasts a two-level open plan living space, handmade King beds and mattresses and great en-suite facilities. This apartment allows our guests to step away from the busy day-to-day life and relax in this fully equipped luxury apartment in the company of friends, family and co-workers. <br /><br />Book now for more comfort, privacy and convenience than a fine hotel.<br />Visit London and stay in style with MERINO HOSPITALITY!<br /><br /><b>The space</b><br />All of our apartments are tailored with the comfort of every guest as our highest priority.  A Sony HD Smart TV with complimentary Netflix for your entertainment and a state of the art Sonos audio system is in place to make sure your stay with us is as technologically advanced as possible.<br /><br />You will also find washer/dryer (detergent and softener included), large dishwasher (tablets included), iron and board, safe, hairdryers in each bedroom, luxury Aromatherapy Associates toiletries, so",5352830,Caio & Louise,2013-03-06,51.515879999999996,-0.11234000000000001,Entire apartment,Entire home/apt,4,,2.0,2.0,$337.00,2,1125,28,58,88,356,32,2016-11-04,2020-03-11,99.0,7
27866278,Hoxton / Haggerston Apartment,"Stay in the heart of East London close to the ever popular Regents Canal.  A large open-plan south facing space close to all the restaurants, galleries and bars that East London has to offer.<br />The flat is an ideal base for a couple looking for a comfortable stay in a stylish setting.<br /><br />Please note the flat is on the first floor and has two flights of stairs.",28822248,Caite,2015-03-05,51.53629,-0.0751,Entire apartment,Entire home/apt,2,,1.0,1.0,$95.00,2,1125,16,16,33,34,14,2019-10-06,2020-02-16,99.0,1
40885187,"Stylish 2-Bed Garden Apartment, 1 min from Tube!","This is a spacious, stylish 2 bed flat in Earl's Court, and is just 1 minute from the tube station, making it the perfect base to explore London from!<br /><br />With a spacious and surprisingly bright living area, a gorgeous garden, a fully equipped kitchen, and a large this is the perfect home for 4 people to relax in comfort after a day exploring.<br /><br />The two bedrooms boast high ceilings and en-suite bathrooms, so everyone has their own space, and can gather around the fabulous dining table to socialise.<br /><br /><b>The space</b><br />This is a great apartment in an excellent location, the perfect base for families or friends.<br /><br />Featuring: <br />- Master bedroom with King-sized bed and ensuite shower room <br />- Second bedroom with King-sized bed and ensuite bathroom with an overhead shower<br />- Open plan sitting and dining space, overlooking the fantastic garden<br />- Fully equipped kitchen<br />- Bright and spacious garden, a rare amenity in London! <br />- U",27572615,Emily,2015-02-11,51.49086,-0.19211,Entire apartment,Entire home/apt,4,,2.0,2.0,$297.00,3,1125,0,0,0,0,1,2020-01-07,2020-01-07,100.0,169
28394803,"The Garden Studios, London SW13 - Sleeps 6.","Two beautiful interlinked garden studios set within an established garden, it is DETACHED with a private entrance. <br /><br />Both Studio 1 and Studio 2 have doors with direct access to the private garden and patio areas, perfect for morning coffee or a glass of wine.<br /><br />Note: Please see our other listing (for Studio 1) if there are 4 people or less<br /><br /><b>The space</b><br />Beautifully finished, underfloor heating, vaulted ceilings, cosy, relaxing, and hidden away, with patio and private outside space to enjoy that glass of wine within the lovely garden.  <br /><br />Studio 1 can sleep 4 people, and Studio 2 can sleep 2 people. They have an interconnecting door which is great when there are more people, or if you need even more space. <br /><br />Both studios have separate shower rooms and well equipped kitchenettes  - complete with tea and Nespresso coffee machines, microwaves, fridges etc. <br /><br />Note: There Is No Hob Or Oven<br /><br /><b>Guest access</b><br />",148114998,Lurdes,2017-08-28,51.47749,-0.24351,Private room in guesthouse,Private room,6,,3.0,4.0,$170.00,3,90,10,33,63,338,8,2018-12-10,2020-07-29,100.0,2
8680525,Spacious flat nearby river & park,"Renting a very spacious, modern room near Vauxhall, adjacent to the charming Burgess Park, 2 mins walk to bus stop that goes to Oxford Circus. Located on a private road nearby shops and fantastic pubs. 10 mins on tube to Old Street and central London",43582898,Julianne,2015-09-07,51.48067,-0.09683,Private room in apartment,Private room,2,,1.0,1.0,$55.00,2,1125,0,0,0,0,1,2016-01-03,2016-01-03,80.0,1
13433229,Separate annex in lovely area close to Wimbledon,"My place is in a quiet area close to loads of parks, transport links, and Wimbledon.Here you'll be close enough to enjoy the London city life without the hassle. A car parking space in driveway, 15 min walk to Raynes Park or 6 min bus to Morden tube (24hr into town at Weekend).<br /><br />Kitchen with breakfast bar looking onto our lovely back garden. Great for couples, solo adventurers, and business travelers.<br /><br />The host family live in the house attached to the annex. You have your own entry.<br /><br /><b>Guest access</b><br />Separate front and back door",28695363,Vincent,2015-03-03,51.39508,-0.21914,Entire guest suite,Entire home/apt,2,,,1.0,$59.00,2,7,22,52,82,172,115,2016-07-05,2020-08-21,97.0,1
37215315,Avni Kensington Hotel,"Avni Kensington has stylish, modern rooms in London's exclusive Royal Borough of Kensington and Chelsea, just a 5-minute walk from Gloucester Road underground train station.<br /><br /><b>The space</b><br />Earl's Court Exhibition Centre is just a 10-minute walk away, and nearby Olympia a 5-minute taxi ride.",280178840,Thelma,2019-07-28,51.49521,-0.14072,Entire house,Entire home/apt,2,,1.0,1.0,$430.00,1,1125,30,60,90,365,0,,,,1
39432597,"3 Bed, 20 min to Liverpool st, EAST LONDON","A well presented and  deceptively spacious Three bedroom house which has two reception rooms. The property has been substantially extended and has a good size kitchen/diner. The property has been recently refurbished. First floor and ground floor shower room and has plenty of natural light. Close to all local amenities and a short walk to Forest Gate station.<br /><br /><b>The space</b><br />This property has 3 lovely good size bedrooms, 2 of them with 2 singles in each. One with a double and then the final one with a single bed. The kitchen is large and has plenty of space, offering a dinning table and a sofa to relax on.<br /><br /><b>Guest access</b><br />The guests have the whole house",302880841,Dean,2019-10-17,51.55014,0.01832,Entire house,Entire home/apt,7,,3.0,5.0,$110.00,3,1125,0,0,0,0,2,2019-10-21,2019-11-30,80.0,1
42843489,Deluxe Double Room in OYO The Greenland Hotel,"Relax, re-charge your batteries and feel like home in a modern, clean, tastefully furnished and safe accommodation situated in , London. The unit covers a wide range of amenities like free wifi, daily housekeeping, fire extinguisher, reception and CCTV Cameras in public areas.<br /><br /><b>The space</b><br />Special Features<br />A beautiful Victorian building, this classy townhouse features a modern decor throughout, with beautiful wooden floorboards and bright colours, not to mention an in-house bar for guests.<br />Facilities<br />Facilities include free WiFi, TVs, en-suite bathrooms, tea & coffee making facilities, plus a bar.",337666693,OYO The Greenland Hotel,2020-02-20,51.4787,0.02016,Room in boutique hotel,Private room,2,,1.0,1.0,$504.00,1,1125,10,39,69,336,0,,,,3
42337868,Trendy 3BR Family Garden Home in Dalston - up to 5 guests!,"A short 12 min walk to Dalston Kingsland/Junction stations, the home is based on a quiet street, with a wealth of things to do right on your doorstep.<br /><br /><b>The space</b><br />Welcome to our home!<br /><br />We are in a fantastic location, minutes away from central Dalston, with both Kingsland and Junction overground stations close by, and within a 15 minute walk to Stoke Newington Church Street for fantastic shops, cafes and restaurants.<br /><br />The living room has a comfortable sitting area, fireplace and TV, perfect for relaxing in the evening, while the adjoining kitchen and dining table are great for social cooking and eating together. Plus access to your own private garden!<br /><br />The kitchen is equipped with a stove, oven, microwave, toaster, kettle, and fridge to easily prepare a tasty home cooked meal. The cooking utensils and kitchenware are provided for your use as well! <br /><br />There are three bedrooms. The first one is complete with a king bed that will ",6703533,Jessica,2013-06-02,51.55408,-0.07767,Entire house,Entire home/apt,5,,3.0,3.0,$175.00,3,1125,0,0,0,0,1,2020-08-03,2020-08-03,100.0,1
25451074,Private room in East London,"Hi, I'm offering a private double room in Hackney/Dalston. Very good location - less than 10 minutes away from Dalston Junction, Dalston Kingsland, Hackney Central and Hackney Downs. Very close to London Fields and Broadway Market. You would be sharing the house with 3 ladies. Shared living room and bathroom. Check in on weekends is flexible, please get in touch if you have questions.",104508239,Agata,2016-11-20,51.54781,-0.06857,Private room in apartment,Private room,1,,1.0,1.0,$26.00,1,1125,0,0,0,0,1,2018-06-21,2018-06-21,100.0,1
39817130,"Cosy 1 Bedroom Apt, 8 mins to Aldgate East Station","We love to offer you this 1 bedroom apartment in East London, Separate living room with 2 double sofa bed. Perfect of 6 person.<br /><br />Apartment is 8 mins walk from Aldgate East Station, 17 minutes to TOWER BRIDGE/TOWER OF LONDON. Waling distance to bus stops to Central London (20 mins bus ride), Indian restaurants, chicken & chips, bars, supermarkets etc.<br /><br />We provide fresh bedding, towels, kitchen equipment. A Home from Home!",96569915,Tee & Jay,2016-09-24,51.51466,-0.06433,Entire apartment,Entire home/apt,6,,1.0,3.0,$85.00,2,90,0,0,0,0,19,2019-11-30,2020-03-12,91.0,9
41950973,Supreme Triple Studio in the heart of Baker Street,"Our Triple Studio come with complimentary Wi-Fi and are fully equipped with kitchenette that include: a fridge, a hob, a microwave, a kettle and cooking utensils. The bright and airy studio have a flat-screen TV and a seating area.<br /><br /><b>The space</b><br />Designed and equipped to the highest standard, MStay 146 Studios offer exceptional value when it comes to budget accommodation in London, and a superb alternative to expensive hotel accommodation. All studios come with complimentary Wi-Fi and are fully equipped with kitchenettes that include: a fridge, a hob, a microwave, a kettle and cooking utensils.<br /><br /><b>Other things to note</b><br />At Your Service - Front Desk closes after 11:30 PM - please, contact our sister property O Paddington Hotel via telephone: +44 (0)20 7706 9994 - in case of emergency.",178407503,Nox Hotels,2018-03-14,51.52378,-0.1604,Private room in serviced apartment,Private room,3,,2.0,2.0,$156.71,1,1125,0,0,0,2,0,,,,5
42513545,Spacious room in a cosy home,"<Note for solo guests: This room is for female only. Couples and friends welcome><br /><br />Hi, thanks for visiting our page. The bedroom you will stay is nicely decorated, clean and spacious with a wooden frame single bed, comfortable mattress, bedside table, chest of drawers, and a two seater sofa. <br />The house is a stylish Victorian terrace house with a newly designed garden. <br />It is very convenient to get to Central London with Blackhorse Road tube station on Victoria Line.<br /><br /><b>The space</b><br />This is a large room with a single bed, chest of drawers and a sofa.  When two guests, I can place another single bed in the room.<br />The house is a four beds Victorian townhouse in a quiet residential area yet very close to all excellent amenities and public transport. The house features an open plan lounge kitchen, bathroom with shower and bath, and a newly designed south-facing garden.<br /><br /><b>Guest access</b><br />You will have access to the open plan lounge- ",338565890,Dila,2020-02-24,51.58043,-0.04007,Private room in house,Private room,2,,1.0,2.0,$26.00,1,20,25,55,85,85,2,2020-02-27,2020-03-01,100.0,1
27026005,Cozy single room in Stockwell,"Hi!! Mario here. I’m 34 years old living and working in London. I have a nice caracter and like to share the house with other people. My flat it’s 3 rooms and we are 2-3  living in it. I have one double and one single rooms free. The flat is located in a very good area near to the Stockwell tube station (1 m)8-10min to Victorita, Green Park & Oxford Street. 15 minutes to Kings Cross . Around the area there are a lot of markets, bars and restaurants. NOT SUITABLE FOR INFANTS OR BABIES<br /><br /><b>The space</b><br />The room was private and we split the bathroom and the kitchen<br /><br /><b>Guest access</b><br />Bathroom, kitchen, wash machine, hair dryer, owner.",188332446,Mario And Elena,2018-05-07,51.47356,-0.12536,Private room in apartment,Private room,1,,1.0,0.0,$37.00,2,1125,0,0,0,91,64,2018-08-01,2020-03-01,95.0,4
1114488,"Flat in Islington, Central London","This is a light, quiet and recently decorated flat close to the centre of London. There are three tube lines within easy walking distance, as well as buses and the overground, and access to the pubs, restaurants and fashionable shops of Islington.<br /><br /><b>The space</b><br />This is a spacious one bedroom flat with a large living room, a kitchen with a table for 4 people you can sit and eat in and a bathroom with a fitted shower. There is a double bed in the bedroom and a sofa and double futon in the living room. It is ideal for a single or a couple. No children, pets or extra guests. The flat was recently decorated. It is in a Victorian building with an office and one other flat underneath. It overlooks a park and is on a residential road, so is quiet. It is also very light and airy, having windows on three sides of the building, so you get the sun throughout the day. It is extremely central and well connected - Highbury and Islington on the Victoria Line and Holloway Road on the",6116528,Richard,2013-04-27,51.5489,-0.10862999999999999,Entire apartment,Entire home/apt,2,,1.0,1.0,$55.00,28,1125,0,0,0,75,4,2013-08-18,2014-08-21,85.0,1
32253983,Studio Two ArtHouse London Bridge,"The ArtHouse is a unique former sculptor's studio which has been transformed into an exhibition space for contemporary art . The apartment is a private and separate unit on the second floor and accessed through the exhibition space.<br />The large kitchen and dining area at the ground floor is shared with other guests of the house.<br /><br /><b>The space</b><br />The two large and private open plan bedrooms, located at the second floor, share an en-suite bathroom as well as a roof terrace. The artwork in the rooms is part of the curatorial programme and changes with each exhibition. <br />Ideal for families or friends up to 4 people. The large kitchen and dining is suitable for dinner parties.<br /><br /><b>Guest access</b><br />Guests have access to the entire house including the exhibition space and all<br />amenity areas. The main entrance to the house is directly at ground floor from Melior Place.",241166714,Michael,2019-02-05,51.50297,-0.08542999999999999,Private room in townhouse,Private room,4,,2.0,2.0,$102.00,3,1125,0,28,58,327,31,2019-05-07,2020-03-13,98.0,2
39911815,Luxurious 4-Bed House in Fulham with Terrace,"This is a stunning double fronted house, located in the heart of Fulham. With a stunning open plan living area as you enter the home, a second sitting room, and four decadent and stylish bedrooms, this tasteful and divine home is spacious and luxurious, perfect for your trip to London. <br /><br />Located just 3 minutes from the tube, and with an excellent selection of restaurants, cafes and shops close by, this is truly the ideal home from home.<br /><br /><b>The space</b><br />This is a beautiful space in a fantastic location. The ground floor features the bright open-plan kitchen/dining/sitting area, as well as a WC. <br />There is then a fantastic lower ground floor, where you will find the blue sitting room, a perfect spot to relax after a day exploring London. There is also a bathroom here, and a room with the sofa bed in. <br />The first floor boasts the master bedroom with its exquisite en-suite bathroom (with both bath and shower), as well as a double bedroom with an ensuite. ",27572615,Emily,2015-02-11,51.4776,-0.19178,Entire house,Entire home/apt,10,,4.0,4.0,$798.00,5,1125,24,54,84,122,0,,,,169
39225196,"Room 1, Kenmare, New Road Rainham, RM13 9PN","Kenmare is beautiful spacious house with a professional environment, full of greenery and located on the old A13 in Rainham close to public transport and a super store. <br />We are a 20 minute drive from the Lakeside Shopping Centre. <br />The house comes with a fully equipped kitchen, free high speed Wi-Fi access, washing machine, secured gated free parking spaces, beautiful garden and shared lounge area with flat screen TV, Virgin Media and a number of channels for your viewing pleasure.",300916979,Jude,2019-10-08,51.51981,0.2053,Private room in house,Private room,2,,1.0,1.0,$60.00,1,15,29,59,89,89,0,,,,2
18789292,Light and spacious 2bed 1 bath flat!,"Modern, bright, open plan flat, with all mod cons. Homely and urban in one hit. Close to buzzing Brixton, vibrant Vauxhall, Cosmopolitan Clapham,  and just a 20 minute walk to the Thames. With great transport links - the Northern and Victoria lines just a 5 minute walk away - The world's your oyster... or London's your oyster card at least!<br /><br /><b>The space</b><br />My home is a two bedroom apartment, on the 4th floor of a 6 storey building. It is open plan and the main living space  and kitchen gets the sun in the mornings and afternoons, making it is a very airy and bright living space.<br /><br /><b>Guest access</b><br />The apartment is your own.  Cleaned professionally with fresh luxury linens, it's prepared for each new visitor.<br /><br /><b>Other things to note</b><br />I have listed the flat as non-smoking as I do not smoke. However, if you wish to, there is a balcony you can use, with a chair, and an ashtray!",39496502,Frances,2015-07-25,51.47302,-0.12635,Entire apartment,Entire home/apt,4,,2.0,2.0,$120.00,2,1125,0,0,0,0,7,2017-05-23,2017-08-31,93.0,1
13289226,I love Peckham,"This cool and comfortable one bedroom flat on the ground floor of a Georgian building. It is centrally located on a quiet street one block from the station. Enjoy the village feel in the local cafes, restaurants, rooftop bars and parks.  I do!<br /><br />My friend has been living here happily for the last three years.  Sadly he has just left so I thought it would be nice to open it to AirBnB travellers.<br /><br /><b>The space</b><br />Use the kitchen to make yourself some breakfast, watch the news on TV in the kitchen/ living room, catch up with your emails in the study and work on your tan in the little patio garden<br /><br /><b>Guest access</b><br />Private flat with patio<br /><br /><b>Other things to note</b><br />No smoking and no pets please.",7851320,Tanya,2013-07-31,51.472,-0.07514,Entire apartment,Entire home/apt,2,,1.0,1.0,$120.00,7,1125,28,33,33,33,2,2016-09-20,2016-10-12,100.0,1
29502574,Spacious room in beautiful flat. East London!,"FEMALES ONLY PLS** High ceilings, clean. 10 mins walk from brick lane/shoreditch high street/Columbia road flower market/broadway market/London Fields. 5 mins walk to Victoria Park. Excellent transport links. Central line 5 mins walk (Bethnal green station). Cambridge Heath station on your doorstep. Bus stops on your doorstep also. Bed bigger than a single but smaller than a double. I’m friendly/relaxed. Provide tea/coffee, cereal/croissant in the morning :) flexible with check-in/out times.<br /><br /><b>The space</b><br />High ceilings, a lot of character. Interesting period building. Very clean and spacious bedroom. Perfect location. I keep some books/paintings in the room. You will be sharing the flat with myself.<br /><br /><b>Guest access</b><br />Kitchen, bathroom",28936999,Anisa,2015-03-07,51.531209999999994,-0.05731,Private room in apartment,Private room,1,,1.0,1.0,$50.00,2,90,0,24,54,329,38,2018-11-25,2020-03-05,96.0,1
20893587,Peaceful with stylish private bathroom VH,"We are a warm and easy going, bilingual family with one child and a gentle cat called Frank.  We speak English and Portuguese.<br /><br />The charming double room is situated on the first floor with its own private bathroom adjacent to the room and also overlooks the back garden. Peaceful and quiet.<br /><br />The location is convenient for Central London, St. George's University Hospital, Clapham Junction and Wimbledon Tennis courts.<br />It's a great place for, couples, solo adventurers, and business travelers!<br /><br /><b>The space</b><br />You will feel welcomed and safe. We only let out one of the rooms in our spacious victorian house. <br />Our guests have access to the Kitchen, Front living room and garden. We also have a variety of books about the history and things to do in London.<br /><br /><b>Guest access</b><br />Kitchen/Garden areas are shared at breakfast and evening meal time. However, our guests are welcome to use the kitchen for a hot drink at any time.<br /><br /><",68561737,Veronica,2016-04-23,51.4367,-0.16719,Private room in house,Private room,2,,1.0,1.0,$40.00,3,14,25,55,85,168,95,2017-10-13,2020-03-22,99.0,1
23523880,3 Bedroom family home in West Dulwich,Based in the West Dulwich area of South London (Se21). It is a 3 bedroom house with the option for more guests with the use of the sofa bed in the kitchen area. We also have the facility to provide a Childs cotbed (Upto 6yrs) and that can be placed in any room. This is a family home so there will be some things around but we can adjust this to fit in with your stay.,17931388,Allan,2014-07-10,51.43119,-0.08983,Entire house,Entire home/apt,9,,3.0,4.0,$98.00,3,30,28,58,88,178,0,,,,1
10880757,Chelsea/Fulham stylish 3Bed Terrace,"Luxury 3 double bedroom 3 bathroom split level apartment with private south-west facing roof terrace located next to Chelsea Harbour.<br /><br /><b>The space</b><br />Luxury 3 double bedroom 3 bathroom split level apartment with private south-west facing roof terrace located next to Chelsea Harbour.<br /><br />This lovely apartment was completely renovated just a couple of years ago and is well presented and tastefully furnished throughout. The kitchen is fully integrated with all modern appliances, the living area is open-plan and features large glazed sliding folding doors opening out to a private roof terrace which is south-west facing.<br /><br />Each bedroom features a 32"" flat screen smart TV 3D, desk, double bed and large floor to ceiling wardrobes. Smart digital TV has Freeview and internet connection with access to all free, pay per view and replay channels (YouTube, Sky, Now TV, Netflix and BBC IPlayer).<br /><br />Each of three bathrooms are clean, modern and benefit from un",56374442,Christian,2016-01-27,51.47139,-0.18524000000000002,Entire apartment,Entire home/apt,6,,3.0,3.0,$185.00,3,1125,0,0,0,0,22,2016-03-29,2016-08-30,95.0,2
44069559,Short let spacious double room in East London,"My beautiful huge room is in a 2 bedroom flat with a huge kitchen, 2 bathrooms and a patio located in a very quiet area, 8 minutes walking from Dalston Kingsland tube station, 15 minutes by tube to the city centre (Oxford street/Piccadilly), or 15 minutes by bus to Kings Cross/St. Pancras station. Dalston is one of the most vibrant area for nightlife and for food diversity. <br />Short let is perfect while you are looking for a permanent situation, or if you just want to spend the summer in London<br /><br /><b>The space</b><br />Outdoor seating area where you can eat or read.",97529920,Chiara,2016-10-01,51.55423,-0.07896,Private room in condominium,Private room,1,,1.0,0.0,$25.00,30,45,5,5,5,5,0,,,,1
34556153,Lovely double bedroom in modern house,"A clean, spacious and stylish house located on a quiet residential street, close to bus and train transport.<br />The guest rooms have a double bed, wardrobe and chest of draws and bed side table.<br />A two floor property, with one bathroom to be shared only with other guests, is occupied by a well educated young family, it also boasts a garden, and has free street parking.<br />Available  for singles, couples and gay friendly for bed and breakfast (vegan upon request).<br />Available https://abnb.me/EJFOa1yuAW<br /><br /><b>The space</b><br />Modern and stylish 5 bedroom house<br />Arranged over 2 floors<br />1 bathroom<br />Huge garden<br />Free street parking<br />Second double bedroom available for booking  in same house. Just follow the link<br />https://abnb.me/EJFOa1yuAW<br /><br /><b>Guest access</b><br />Living room<br />Dinning room<br />Kitchen<br />Garden",27397891,Erika,2015-02-08,51.48087,-0.33142,Private room in house,Private room,2,,1.0,1.0,$45.00,2,30,29,59,89,179,16,2019-05-22,2020-02-01,100.0,2
15307633,Farmhouse close to London in beautiful grounds,"This tastefully newly renovated farmhouse is situated in a charming rare location so close to London with easy accessibility into Kent. Bexley Village itself is lively, bustling with pubs and restaurants and has great, reliable transport links. Down a private track in a delightfully secluded plot of 6 acres, you will forget you are so close to London. In winter you can snuggle up next to the roaring fire, or in summer enjoy alfresco dining on the sun terrace with views overlooking the gardens.<br /><br /><b>The space</b><br />This beautiful character home is a perfect base for exploring the picturesque Kent countryside and coastline and the top tourist attractions of London.<br /><br />Mill Meadows Farmhouse is situated in Bexley Village which is bustling with quality restaurants, public houses and delicatessens.<br /><br />The large house is found down a private track in a delightfully secluded plot of 6 acres where the resident llama, sheep, pigs and cows are waiting to greet you. On",97494946,Katie,2016-10-01,51.441179999999996,0.15287,Entire house,Entire home/apt,7,,4.0,6.0,$250.00,2,1125,26,56,86,169,16,2016-12-26,2020-08-24,97.0,1
12263797,Pretty one bedroom cottage in leafy london suburb,"Our unique 1 bedroom character cottage is situated in Beckenham, a leafy suburb of London, next door to our home.    Completely self contained and for your use only.  It's in an ideal location for exploring the sights of London.   The local train station is an 8 minute walk away and has a direct service to London Victoria which takes just 15 minutes.<br /><br /><b>The space</b><br />The cottage features an open plan kitchen and living area at the front of the property, a bathroom and one bedroom which is at the rear, everything is all on one level.  You have your own front door at the front of the cottage and the bedroom which is at the back of the cottage overlooks a small garden, screened by bamboo.  Beyond this is our garden and then playing fields so you aren't overlooked by any other properties.<br /><br /><b>Guest access</b><br />The whole of the cottage will be for your sole use during your stay.<br /><br /><b>Other things to note</b><br />We don't offer off street parking for t",66047258,Anne,2016-04-06,51.41899,-0.04507,Entire guest suite,Entire home/apt,2,,1.0,1.0,$58.00,7,1125,0,0,30,305,33,2016-10-01,2020-08-13,98.0,1
32347496,Beautiful Large Clean Quiet En-suit Double Room!,"This private room is in a beautiful good sized ground floor flat. It is within 10-12 min walking distance from East Finchley tube on the Northern line. The station has easy access from the city and Kings Cross Station. It is 3 minutes on the bus from the station. Not far from Camden Town and Golders Green Stations with plenty places nearby to eat out. 10 minutes Uber or 15 minutes bus ride to Alexander Palace! You will have a spacious very clean and quiet double en-suit bedroom. I have wifi.<br /><br /><b>The space</b><br />This is a two Bedroom flat, this bedroom is en-suit large and clean. Double glassing windows so very quiet. The communal garden is not accessible to guests as it is reserved for residents only. However, there is huge park right behind the flat with a coffee shop and most of guests enjoy this whenever they need to spend time outdoors. You can use the kitchen for tea and coffee, I will provide milk. You are more than welcome to buy your own food if you are staying a f",131528337,Njabulo,2017-05-22,51.58425,-0.17264000000000002,Private room in apartment,Private room,2,,1.0,1.0,$45.00,1,30,30,60,90,365,27,2019-03-09,2020-07-27,97.0,3
668819,Single Room to let in Clean House,"<b>The space</b><br />Single room available to rent in a cosy, friendly and clean house in Leyton, East London. <br />Location<br />The house is in a quiet, residential area ideally located for visiting all parts of London and beyond. It is 5 minutes walk to Leyton tube station which is on the Central line with easy, direct access to Central London. 2 minutes to Stratford, the Olympic Park & Westfield shopping Centre, 10 minutes to the City and 20 minutes to the West End. 2 minutes walk to local bus services including night buses on Leyton High Road. Good links to all London airports including Stansted, London City, Heathrow & Gatwick and all major London Train stations are easily accessible by tube. Also excellent road links serving all parts of the UK. <br /><br />Local Amenities<br />The local area has a variety of good restaurants, friendly pubs, supermarkets and shopping facilities. There are good local sports facilities in the area, these include a swimming pool, tennis courts, g",3381734,Jane,2012-08-26,51.55851,-0.00967,Private room in townhouse,Private room,1,,1.0,1.0,$19.00,1,180,2,13,43,318,126,2012-09-17,2020-03-12,98.0,2
29896303,Clean Cosy Loft (private parking & tube),"Clean room in a well-connected safe part of London <br />(Wimbledon/Colliers Wood/Merton area, SW19, Zone 3):<br /><br />- Secured off-street parking.<br />- Easy access to central London (30 mins). <br />- Northern Line tube - 7 - 9 minute walk (0.3 miles/520 yards/450m).<br />- Short walk to local amenities (shops, restaurants, Post Office, bus stops).<br />- Peaceful, private location.<br />- Own adjoining bathroom with walk-in shower.<br /><br /><b>The space</b><br />The room is in a modern recently refurbished 2-storey detached house located in a quiet residential cul-de-sac. It especially suits tourists, business travellers, sole female travellers, people visiting St. George’s Hospital, Wimbledon, Merton and Tooting who need  convenient 24/7 access to central London with  hassle-free parking and those who  appreciate a clean, calm and homely* space in a safe part of London (lowest crime rates for zones 1, 2 & 3). Somewhere to relax and chill out before or after a busy day explori",107260536,Marlon,2016-12-14,51.416740000000004,-0.17246,Private room in house,Private room,3,,1.0,1.0,$49.00,1,9,0,25,55,55,61,2018-12-06,2020-03-01,99.0,2
13663264,3bedroom Family Home minutes from Kensington Tube,"Situated within a 2 minute walk to West Kensington Station and a 4 minute walk to Barons Court station, is this lovely 3 double bedroom comfortable apartment. Its Kensington location gives you easy access to all the delights of London.<br /><br /><b>The space</b><br />This property feels super homely as soon as you enter the front door. The interior is bright and airy with a very neutral calm colour palette in a country living style so would suit and feel welcoming to most. <br /><br />The apartment also has all that is necessary for you to enjoy your stay including a lovely large sofa for you to relax and enjoy the television if you need some chill out time after exploring our wonderful city. In the same space there is also a dining table for if you feel the need to cook up a storm using local produce from the nearby market!<br /><br />The apartment has 3 double sized beds, so is able to sleep 6 people in spacious bedrooms with ample storage for each person.<br /><br /><b>Guest access",37056489,Will,2015-06-29,51.49228,-0.20883000000000002,Entire apartment,Entire home/apt,6,,3.0,4.0,$221.00,3,1125,24,50,73,338,153,2016-07-17,2020-03-08,90.0,14
40657332,Professionally cleaned 1 bed west London apt seconds from Fulham Broadway,"Professionally cleaned for key workers and any one else looking for self isolation. Cleaned by our in-house staff who is trained in proper techniques and will disinfect before your stay.<br /><br />Our staff has been trained in proper disinfection techniques and will deep clean your apartment  before and after your stay. We're here for you during this time of uncertainty and can be reached 24/7 via text or call.<br /><br />Here’s a modern luxury apartment in a great west London location. Right by Fulham Broadway in fact, and that puts the rest of London within easy reach from the tube station and via the buses that stop there. Your home is a neat and stylish one, with an open plan living and eating area and a kitchen too. There’s also a bedroom that will ensure you get a relaxing night’s sleep, ready for a new day in London.<br /><br /><b>The space</b><br />Located in an area of London that mixes impressive residences with all kinds of shops, coffee shops and transport options, this 1 ",258580205,Sverrir & Vesta,2019-04-28,51.48087,-0.1967,Entire apartment,Entire home/apt,3,,1.0,1.0,$104.00,2,1125,0,0,0,0,1,2020-01-07,2020-01-07,100.0,50
29230752,"Double room in modern chic apartment, Dalston E8","Very comfortable double sofa bed in modern apartment in Dalston E8.<br /><br /><b>The space</b><br />Our apartment is part of the striking Queensbridge Quarter completed in 2011. It is beautifully fitted and equipped with all mod cons and boasts a fantastic private garden. The living and dining areas benefit from two double french windows both leading on to the garden.<br /><br />GUEST ROOM:<br /><br />The double bedroom available has a very comfortable sofabed with extra memory foam mattress. It is light and airy with desk, drawers and built in wardrobe. Guests have private use of adjoining family bathroom.<br /><br />APARTMENT:<br /><br />The apartment is large, exceptionally light and spotlessly clean. All appliances are top end brands. The neighbours are quiet and friendly. <br /><br />TRANSPORT:<br /><br />The transport links are excellent including direct links to the tube from the new Dalston Junction overground connecting itself directly to docklands or links to West End/City a",1951049,Claudia,2012-03-18,51.54222,-0.0703,Private room in apartment,Private room,2,,1.0,1.0,$65.00,1,1125,29,59,89,364,5,2019-01-01,2019-10-20,100.0,2
32842985,Modern & Bright Entire Flat 2 Rooms Old Street,"Modern & clean apartment in the heart of highly sought after Shoreditch Triangle, London. Lovely and bright flat in central London, situated in zone 1 (Old Street). Our flat is on the 14th floor of a building - unoverlooked, which means it gets the sun all through the day, with a beautiful view of the City. <br /><br />Prime location for any type of activities: close to museums, restaurants, grocery stores, nightlife (bars & clubs) and convenient access to any transports (bus & underground metro).<br /><br /><b>The space</b><br />The neighborhood is very safe and the underground is a 5 minute walk away and the bus stop is a 1 minute walk. <br /><br />Recently refurbished, it has all the amenities you would expect: washer, dishwasher, 2 ovens, 4 gas hobs, fridge and freezer, and central gas heating. Feel free to use any of the kitchen appliances, including the coffee machine (capsules).<br /><br />Equipped with a bath/shower and separate toilet. We also have a laundry room where you can",49413779,Olivia,2015-11-19,51.53159,-0.08668,Entire apartment,Entire home/apt,4,,2.0,2.0,$95.00,5,1125,0,0,0,0,13,2019-04-28,2020-08-06,98.0,1
1043759,Room in Central London Paddington,"Lovely room in Paddington, 15 minutes from Heathrow airport, great transportation link to all over London, 6-7 minutes to Paddington station, Warwick avenue station and Royal Oak station, bus stop is 1 minutes walking distance,<br />walking distance to Hyde park, Edgware Road and Queensway.<br />15 minutes by bus to Oxford street and Piccadilly circus.",5747106,Salwa,2013-04-03,51.52146,-0.18633,Private room in apartment,Private room,2,,1.0,2.0,$70.00,90,1125,30,60,90,365,185,2013-06-17,2019-12-09,89.0,3
22987867,NEW HOME OR HOLIDAY IN LONDON - long or short term,"We are offering travellers a cost effective option to stay a short distance from central London. This option is ideal for people on a budget who would like a unique accommodation experience. <br />This listing is for a double room in a house share<br />This house is a large beautiful well maintained property, with a very homely, cosy feel. The house is fully furnished, so it is a home from home waiting for you to just move in.....<br /><br /><b>The space</b><br />PROPERTY INFORMATION <br />This house is a large beautiful well maintained property, with a very homely, cosy feel. The house is fully furnished, so it is a home from home waiting for you to just move in.....<br /><br />The accommodation comprises 2 bathrooms with shower, large kitchen with breakfast bar and doors opening out on to the beautiful garden patio.<br /><br />The garden is a magical peaceful garden with fairy lights, water feature, garden furniture and outside heating, perfect for even the chilly nights<br /><br />T",168407586,Genna,2018-01-17,51.47473,-0.06875,Private room in house,Private room,2,,1.0,1.0,$30.00,1,365,30,60,90,270,1,2018-10-04,2018-10-04,100.0,1
11707553,Room and bathroom close to central,"Double room & own bathroom in a spacious apartment in leafy Tooting Bec. The apartment is situated in a residential development opposite a park and with local centres close-by. 8 mins walk to the nearest tube station and 15 minutes to central London.<br /><br /><b>The space</b><br />The room is in a spacious apartment overlooking a park and wooded area for great views. You will have your own bathroom all to yourself.<br /><br /><b>Guest access</b><br />Access all areas - we are fairly relaxed people and would love for you to treat the whole apartment as your own (mi casa etc). You will have your own set of keys and can come and go as you please. Check in after 18:30 on a weekday, flexible at weekends.",20351987,Lu,2014-08-21,51.428290000000004,-0.15175,Private room in apartment,Private room,2,,1.0,1.0,$38.00,2,7,0,0,0,0,3,2016-05-27,2016-07-17,100.0,1
20238937,Lovely Room in Best Location,"This lovely room is in best location to Kings Cross and major London universities (LSE, UCL, SOAS). It is fully furnished and optimal for students or professionals on a short-term stay in London. The flat is in perfect condition, it offers a spaceous kitchen with a washing machine and a storeroom for bicycles shared with the two other rooms in the flat.<br /><br /><b>Guest access</b><br />You will have access to the fully equipped kitchen and the bathroom.",94603761,Moritz,2016-09-11,51.52749,-0.11687,Private room in apartment,Private room,1,,1.0,1.0,$35.00,6,1125,0,0,0,0,0,,,,2
42106572,Luxury Apartment Canary Wharf,"Welcome to our luxury two-bedroom apartment located within the superbly located New Festival Quarter, comprising a contemporary open plan kitchen, huge reception with private balcony, 2 large double bedrooms (master bedroom with en-suite), stylish bathroom and separate utility. On top of that, there is also a concierge service and private landscaped gardens.<br /><br /><b>The space</b><br />The properties amenities include:<br />-Fast and reliable Wi-Fi<br />-Polished kitchen, stocked with pots/pans, crockery and cutlery<br />-Spacious living room <br />-two  bedrooms with two double beds<br />-Luxurious towels with soaps and shampoos<br /><br /><b>Guest access</b><br />We have a team of Welcome Ambassadors who will greet you upon arrival to the property and to exchange keys. They will be happy to answer any questions or queries you may have and show you around the property to ensure your stay is perfect. We can also alternatively send guests who choose to check-in late access to our l",297690387,Flexystays,2019-09-24,51.51376,-0.02139,Entire apartment,Entire home/apt,4,,2.0,2.0,$165.00,2,1125,30,59,89,170,5,2020-02-16,2020-02-29,100.0,51
31814561,Studio 9-Camden Style- Twin beds or Superking!,"CORONA VIRUS UPDATE- June 2020<br />We are open for business as usual and welcome visitors from overseas. We are implementing the Corona-virus deep cleaning regime as outlined by airbnb so you can feel safe and secure knowing that our listings are 100% secure and virus free. Unlike hotels we don’t have shared areas for dining or reception, you have your own facilities and independent check in. This is the perfect time to secure affordable, self-contained accommodation in London.<br /><br /><b>The space</b><br />Unbeatable value for money! Superb apartments located in Croydon, South London famous for its superb transport links- trains 24/7 directly into the heart of central London. <br />East Croydon station -your gateway to the South and Central London. EC to London Victoria in 15 mins, London Bridge 20 mins and St Pancras home of Eurostar trains to Continental Europe in just 25 mins. Gatwick airport a 15 min train ride away, making Croydon the perfect cost effective alternative to sky",30629100,Gary,2015-04-05,51.382979999999996,-0.08001,Entire apartment,Entire home/apt,2,,,3.0,$46.71,4,365,3,14,30,298,58,2019-04-19,2020-08-11,99.0,12
12195983,Large Knightsbridge 2Bed 2Bath Free WiFi,"This spacious, quiet 2 Bedroom 2 Bathroom apartment has a large, bright Lounge and is located in a secure building in easy walking distance of Harrod's, South Kensington and Sloane Square and King's Road, Chelsea. Shops close by the apartment include Chanel, Ralph Lauren and Stella McCartney.  Just 10 minutes' walk from Harrod's and other exclusive shopping in Knightsbridge, South Kensington tube station is just 7 minutes' walk away for direct routes to most parts of central London. Free WiFi.<br /><br /><b>The space</b><br />Your spacious Two Bedroom Two Bathroom Apartment is really bright and is on the second floor of building of just 4 apartments (one to each floor), with a new lift to all floors, facing Milner Street, Knightsbridge at the front and facing nearby buildings to the rear from its own small terrace/balcony.  The apartment was partially refurbished in May 2017.  Located just 7 minutes’ walk from Harrod’s store and other exclusive shopping in London’s Knightsbridge, it’s ",31066062,Robert,2015-04-12,51.49425,-0.16382,Entire apartment,Entire home/apt,5,,2.0,2.0,$515.00,3,1124,0,0,0,0,13,2016-11-07,2019-06-08,78.0,42
41276640,Great Location of my flat 15mn from central london,Very brightf flat in Victorian building spacious  3 bedrooms   Single and double bed newly decorated the flat recently December 2020  fully equipped kitchen 2 bathrooms power shower and  bathtub large living room leather sofas 5 mints walk from Holloway station close to shops restos very vibrant area  high celling and windows little park view in both sides of the flat no direct vis a vis 3th floor no lift<br /><br /><b>The space</b><br />Great location 5mnts walk from metro Piccadilly line that can lead you( in around 45mnts)  directly from heathrow airport to my doorstep .very practical if you like to explore London since you just need 15 mints to Piccadilly Circus and central London I am  a very convivial easy going accommodating helpful  lady and I'll do my best to make my guests feel comfortable and at ease In my home am also very discreet and will respect their space and privacy And will not  interfere in anything concerning them Unless they request me to do so<br /><br /><b>Guest,324177252,Rhita,2020-01-04,51.552009999999996,-0.11020999999999999,Private room in apartment,Private room,2,,2.0,3.0,$55.00,3,10,23,53,83,83,0,,,,1
19036976,Luxury Room in a Great Location.,"Based in the luxury area of North West London, safe and quiet with easy transportation. Bus stop right outside the apartment, with direct link ( 1 bus ride) to the famous shopping district of oxford street. <br /><br />The luxury apartment is brand new, quiet and safe. <br />Should you wish to have a relaxing walk, the tranquil Golders hill park with small zoo is within walking distance or a 2 min bus ride. <br /><br />This apartment is great for people who wish to go site seeing, shopping, long stay and relaxation.<br /><br /><b>The space</b><br />This is a new built luxury apartment - The room is a large double size bedroom with a big wardrobe for the guests use. <br /><br />The apartment is on the ground floor with approx. 4 steps at the entrance. <br /><br />Extra blankets are provided, with at least 2 pillows per guest. <br /><br />The room is situated at the back of the apartment away from the main entrance and road, full length double glazed windows, this room is very quiet and ",132853716,Joey,2017-05-31,51.552,-0.18813,Private room in apartment,Private room,2,,1.0,2.0,$47.00,3,93,30,60,90,364,50,2017-06-13,2019-09-27,98.0,2
19246652,Southfields Home,"Our 1881 home is in wandsworth, South West London and is on a very quiet street.<br /><br />Our home is situated 15 minutes walk from east Putney and southfields  tube stations, the river, and Clapham junction. You can get into central London in 40 minutes. <br /><br />It has two bedrooms with 2 single beds and a double bed. It has a decent sized reception room/ kitchen.<br /><br />We have a small grass garden, excellent internet connection  and WiFi throughout the house.<br /><br /><b>The space</b><br />We are the top floor flat of a mansion block originally built for the Lord Mayor of London's daughters. Since then the house was used to launch the programming of the Tomb Raider series, although we haven't been able to convince the council to add a historical blue plaque yet. <br /><br />It's a family home, so don't expect a hotel but we have recently repainted the inside and will make sure its very clean, clutter free and tidy for you. But the carpet is overdue replacement, sometime ",4037050,Ben,2012-11-01,51.4514,-0.2021,Entire apartment,Entire home/apt,5,,2.0,3.0,$85.00,6,20,0,0,0,0,3,2017-08-28,2018-08-28,100.0,1
41665916,4 Bedroom family house in Ilford East London,"This is a newly refurbished property that is for sale. While waiting we are letting it out here. so it is all new and very empty. WIFI, a TV with and Android box is included. The kitchen has dishwasher, microwave, fridge kettle, toaster. No washing machine or laundry equipment.",92973657,Biodun,2016-09-01,51.5492,0.08101,Entire house,Entire home/apt,7,,4.0,4.0,$150.00,3,14,0,0,0,0,5,2020-01-26,2020-03-16,80.0,1
29752790,Comfy 1Bedroom Apartment in the heart of London,"At only a 5 minute-walk from Covent Garden, this 1 bedroom flat is the most central home you will get whist  in London! <br /><br />Wonderfully located for a show in Theatreland, a visit to the British Museum and an amazing food scene, this apartment will comfortably fit 2 guests  and guarantee you a fantastic stay in London.<br /><br />The world famous Big Ben is just a 20 minute walk from this central flat and all major attractions are easily reached by bus, tube or foot (for those that like a bit of excercise!)<br /><br /><b>The space</b><br />This fully-equipped flat consists of one bedroom with a king size bed and a spacious wardrobe as well as a sofa, a TV and a very modern kitchen with everything you need to feel like home after a long day of sightseeing or work.<br /><br /><b>Guest access</b><br />Guests will have the entire property to themselves.<br /><br /><b>Other things to note</b><br />* Property is managed by a Professional Co-Host of Airbnb<br />* Standard check-in time",201263915,Claire,2018-07-10,51.51461,-0.12717,Entire apartment,Entire home/apt,2,,1.0,1.0,$65.00,2,28,0,0,0,0,8,2018-12-20,2019-12-10,80.0,1
38222036,Luxury 2 bed 2 minutes from station,"Whether you are coming to London on business or on pleasure, my brand new luxury apartment provides a great base: - Located in the heart of London - Multiple transportation links - Walking distance from Tower Bridge,Tower of London and St Paul",204530689,Tan,2018-07-23,51.51704,-0.07182999999999999,Entire apartment,Entire home/apt,4,,2.0,2.0,$170.00,7,1125,0,0,0,0,1,2019-09-10,2019-09-10,,1
37427933,Private room in Dalston sleeps 3,"My place is close to The Shacklewell Arms, and Ruby's Dalston. You’ll love my place because of the people who are super friendly, the neighbourhood is quiet, and the ambiance. My place is good for couples and solo adventurers.<br /><br /><b>The space</b><br />I have a double and a single bed,  in the back double bedroom downstairs, please note there isn't a TV in this room.      Wifi is available and this is found in the information provided in the room.   Should you forget your travel adapter there are plugs in the small bedside drawer for your use whilst you're with us.<br /><br /><b>Guest access</b><br />My guests are able to access all rooms with the exception of mine, my daughter's and my son's bedrooms and the lounge.<br /><br /><b>Other things to note</b><br />We have a happy friendly outlook so feel free to have a chat with us.  We love hearing your reasons for travelling and plans for your stay. We like to share our love of London and some cool places to visit.<br />I do have ",82448401,Maureen,2016-07-08,51.55341,-0.06899,Private room in house,Private room,3,,1.0,2.0,$16.00,1,28,4,14,14,252,25,2019-08-28,2020-08-22,98.0,3
20916454,"Delightful Private Bedroom, 2 mins to Tube","Private double bedroom with shared use of a modern kitchen, living room and main bathroom. Guests get their own private toilet and full access to, Apple TV; along with wifi.<br /><br />This private room is in an Edwardian mansion block in lovely Earls Court Square. Very close to Earls court tube station. Only 10mins into central London and 30mins away from Heathrow airport.<br /><br />—————————————————<br />This private room is suitable for couples and solo female travellers only.<br /><br /><b>The space</b><br />Luxurious and cozy private bedroom with a beautiful view of a garden patio. <br />Amazing comfortable Westcott bed and double mirrored roomy wardrobe.<br /><br /><b>Guest access</b><br />Guests are free to use the shared living space with Apple TV, Netflix and dinning room table. A fully equipped kitchen with a dishwasher, washing machine and dryer is available. Guests get their own private toilet and of course are free to use the main bathroom with shower and bath.",150322962,Diyala,2017-09-12,51.49003,-0.19175999999999999,Private room in apartment,Private room,2,,1.0,1.0,$45.00,1,14,28,58,88,363,23,2018-10-17,2020-03-12,96.0,1
29273072,Ensuite room (privat)  30 min to Central London,"LARGE DOUBLE EN-SUITE <br />You will live in a Victorian property in a very spacious double room decorated to a high standard with loads of storage space and your own en suite bathroom and toilet. <br /><br />Kitchen facilities VERY limited (use of kettle). At host's discretion full use of kitchen. It depends on the length of stay ( 2 weeks or longer)<br /><br />NO free laundry<br /><br />Bathroom with walk in shower (disability access ) and  toilet<br /> <br />Plentiful non-permitted street parking<br /><br /><b>The space</b><br />Local Co-op supermarket across road<br />Huge Sainsbury's nearby (walking distance)and Lidl (short bus ride). Bus stops infant of house.<br />Cafe shop, Pharmacy, Hairdresser, Co-op Shop, Fish and Chips Shop and Cash machine across road<br /><br /><b>Guest access</b><br />limited access to kitchen (use of kettle only). At host's discretion a more wider use of kitchen. It depends on the length of your stay (2 weeks or more)<br /><br /><b>Other things to note<",220537638,Marita,2018-10-14,51.48769,0.11406,Private room in house,Private room,2,,1.0,1.0,$25.00,1,180,0,0,0,0,27,2018-10-24,2019-09-28,87.0,1
8948392,"Flat in a new building, canal views","2nd floor, new building with lots of sun (south facing). Floor to ceiling windows in the living room which slide to open giving a fully open aspect onto the Canal. There is also a balcony. Postcode: N1 5ET - pls check (SENSITIVE CONTENTS HIDDEN) maps for exact location.<br /><br /><b>The space</b><br />Thank you for your interest in my listing!<br /><br />Make the most out of your experience in London in this modern one bedroom second floor apartment overlooking beautiful Regents Canal.<br /><br />Serene spacious flat in a very central location, very convenient for getting around and overlooking beautiful Regents Canal. The flat boasts a lovely balcony south facing the Canal from which you can see local swans, ducks and geese swimming around))  <br /><br />One large bedroom with very comfortable orthopaedic mattress (2000 pocket springs) and a sofa in the large open plan living room. Intex Ultra Plush Queen Size Airbed is available as well. <br />Calm, peaceful and ideal both for the t",2153966,Michael,2012-04-16,51.53855,-0.07819,Entire apartment,Entire home/apt,4,,1.0,2.0,$99.00,4,30,0,0,0,268,3,2015-11-26,2015-12-20,80.0,1
38322409,"Close 2 Royal Arsenal, Thames Clipper City Airport",Please note the price is per person for each room,81937925,Neil,2016-07-05,51.49341,0.0818,Private room in house,Private room,1,,1.0,1.0,$25.00,1,1125,0,0,0,0,2,2019-09-27,2019-10-04,100.0,2
24146292,Large Double in a 2-bed garden flat in Ally Pally,"Large Double Room within a spacious Victorian 2-bed garden flat in the heart of Alexandra Palace. Stunning views. 3 min walk to Alexandra Palace & Park (events, gigs, panoramic views over London). <br />The flat is just a 2-min walk to Alexandra Palace station, which takes you to Finsbury Park (Victoria & Piccadilly line) in 7 minutes, Highbury & Islington (Victoria Line) in 10 minutes, and Old Street/Moorgate in 20 minutes. <br />Wood Green High Street & station (Piccadilly Line) are a 10-min walk away.<br /><br /><b>The space</b><br />Large Victorian split-level ground-floor flat with high ceilings, fireplace, large sash bay windows, and a huge garden. The living room is very large with a 3-seater sofa as well as an armchair. TV with unlimited access to shows and films. <br />The kitchen is fairly large, has a 4-seater kitchen table, washing machine, microwave, and access to the very large garden. You will also have full access to my pots/pans, kettle, tea & coffee making facilities,",5047300,Kat,2013-02-11,51.59852,-0.12318,Private room in apartment,Private room,2,,1.0,1.0,$50.00,1,1125,25,50,80,80,1,2018-04-14,2018-04-14,,1
21996251,Cosy room in very good location,"It is cosy room in wonderful location. The bus stop is located right in front of the house. You can walk to Maryland train station - 4 mins. Stratford station (Westfield Shopping Center) – 13 mins walk. <br />Very close to Tesco Express as well as restaurants with food from all around the world. <br />If you have any questions, please do not hesitate to contact me – I am happy to answer them! 😊 <br /><br />3 more young people living in this house as well.",58077301,Sylwia,2016-02-09,51.550309999999996,0.00373,Private room in house,Private room,1,,1.0,1.0,$17.00,4,12,0,0,0,0,0,,,,1
22681593,Charming house with garden in the heart of Peckham,"A bright and spacious house with a cosy living room and study with working fireplace, television and desk space. The large eat-in kitchen has doors out on to a private back garden. Upstairs the bedroom has a comfortable king-sized bed and plenty of cupboard space. The modern bathroom has a large bath and separate walk-in rain shower.<br /><br /><b>Guest access</b><br />You'll have access to the entire home, other than the second bedroom, which will be closed.<br /><br /><b>Other things to note</b><br />There may be a cat, Taff, there during your stay. She is very friendly and independent and goes in and out through the cat flap. If you would be happy to feed her that would be great, or if it’s inconvenient for you to do so I can get a friend or neighbour to come in.",11875492,Anna Rose,2014-02-02,51.46763,-0.07021000000000001,Entire townhouse,Entire home/apt,2,,1.0,1.0,$95.00,5,30,0,0,0,0,28,2018-04-15,2019-12-01,99.0,1
33923856,"King-size bed in stylish,  peaceful artist’s flat","Super comfortable king-size bed, private room in a stylish, artist’s Victorian flat. Peaceful area, with lovely local restaurants and cafes, and easy access to Kings Cross in just 20 minutes. Great local pub with garden and traditional pub grub, several beautiful parks and easy access to the amazing Alexandra Palace.<br /><br /><b>The space</b><br />The space will be shared with an architect working in Shoreditch, who can give you lots of local tips and advice! The bright, airy flat is perfect for exploring the delights of the city, while enjoying somewhere calm and peaceful to come home to. The space is newly decorated, including (shared) bathroom and access to common areas. Stylish kitchen for cooking, and comfy sofa for relaxing at the end of the day. The room is spacious, with sole use of large wardrobes and lots of natural light. <br /><br />Please note there is a two night minimum.",2594564,Adit,2012-06-10,51.61141,-0.12465,Private room in apartment,Private room,2,,1.0,1.0,$50.00,2,30,30,60,90,90,0,,,,1
18734228,Top floor 1 bed apartment with spectacular views,"Our top floor one bedroom apartment with spectacular views will feel like a home away from home during your stay in London. Located just 2 minutes walk from both Barons Court and West Kensington underground stations, you're 20 minutes from Covent Garden. More locally you have all the amenities of Kensington, Chelsea and Hammersmith for shopping and restaurants. Queens Tennis club is also a 2 minute walk away. <br /><br />The apartment is located in a secure portered building.",5065286,Dom,2013-02-12,51.48843,-0.21288,Entire apartment,Entire home/apt,2,,1.0,1.0,$105.00,3,1125,0,0,0,0,2,2017-06-19,2017-06-22,,1
41376268,(8DH) Dreams Unlimited - Hounslow/Heathrow,"2 Bed Executive Apartment by Dreams Unlimited Serviced Accommodation.<br />Stylishly decorated, two Bedroom apartment with gated parking space (optional extra) offering comfort in a quiet location yet close to all the action when needed. Ideal for families and extended stays.<br /><br />Penthouse views of London, High ceilings throughout, and attention to detail, this beautiful gated residence mixes all the heritage associated to a mansion conversion with the comforts of modern day luxury living.<br />Every room boasts an influx of natural light, highlighting the attention to detail in the finish of each one of our apartments. Each room has been carefully designed to take advantage of all modern living experiences without compromising on space and quality.<br /><br />The Grove is a highly desirable residential road, moments away from Isleworth train station, Osterley tube station and has excellent local schools and amenities nearby. Situated in the heart of Isleworth and close proximit",142206238,Rajesh,2017-07-24,51.47631,-0.34523000000000004,Entire apartment,Entire home/apt,6,,2.0,2.0,$142.00,1,1125,30,60,90,365,1,2020-02-12,2020-02-12,100.0,4
34560337,Portobello Mews House for 8 guests+free parking,"This double-fronted modern mews house is right in the heart of Notting Hill, just off Portobello Road.<br />The traditional exterior has been given a contemporary makeover in steel and glass, and interiors are bright and sleek. A simple color palette of white walls and wood floors is brought to life with bold shapes and bursts of color, including the blood-red leather sofas, the pony-hide chaise, a striking suspended metal staircase that runs through the living room, and a hanging wood-burning stove.<br /><br /><b>The space</b><br />A house ideal for large groups or families. <br />Four bedrooms in total.<br />Two bedrooms on the ground floor+ensuite toilet and big shower room.<br />Dining-kitchen-living room with balcony on the first floor.<br />Two bedrooms (one with bathtub)+toilet on second floor.<br />Roof terrace.<br /><br /><b>Guest access</b><br />Entire house and roof terrace<br /><br /><b>Other things to note</b><br />Free parking in the private gated mews",47237234,Marcus,2015-10-23,51.51818,-0.20678000000000002,Entire house,Entire home/apt,8,,4.0,4.0,$263.00,2,31,9,22,52,52,13,2019-06-26,2020-08-02,92.0,1
40373464,"Modern, Small Double Private Room","A lovely cosy private room with a small double bed available in the heart of Battersea. This is the place to stay if you're looking for a clean, modern & stylish room. Located only 7 minutes walk from Clapham Junction and situated on a quiet residential development. <br />Perfect place to stay if you want to explore the city or just need to be well connected for work. Everything has been designed for your convenience without compromising on style.<br /><br /><b>The space</b><br />Bedroom includes : <br />- Comfy small double bed<br />- Desk & chair<br />- Clothes rail<br />- Large windows and lots of natural light<br />- Egyptian cotton towels<br />- Hairdryer <br /><br />Bathroom:<br />- Shower gel<br />- Shampoo & conditioner <br /><br />Kitchen: <br />- All kitchen appliances <br />- Tea/coffee/sugar<br />- Snacks<br />- Iron & ironing board <br />- Washing powder<br /><br /><b>Guest access</b><br />Guests have access to the kitchen, toilet on the ground floor, bathroom on the 1st f",139052118,Leon,2017-07-07,51.46497,-0.17807,Private room in apartment,Private room,1,,1.0,1.0,$38.00,1,1125,0,0,0,0,4,2019-12-02,2019-12-29,95.0,6
